RpcMethod,Mac,Sn
BootFirst,C409382FC7A6,C409382FC7A63859A
BootFirst,3859,6537ji876
BootFirst,3860,6537ji876
BootFirst,741E93D039BB,741E93-50F7A741E93D039BB
BootFirst,AC6E1A88E8F9,AC6E1A-3C300AC6E1A88E8F9
BootFirst,00259E020207,00259E-46300081938888888
BootFirst,000000000001,00259E-46300081938000001
BootFirst,000000000002,00259E-46300081938000002
BootFirst,000000000003,00259E-46300081938000003
BootFirst,000000000004,00259E-46300081938000004
BootFirst,000000000005,00259E-46300081938000005
BootFirst,000000000006,00259E-46300081938000006
BootFirst,000000000011,00259E-46300081938000011
BootFirst,000000000012,00259E-46300081938000012
BootFirst,000000000013,00259E-46300081938000013
BootFirst,000000000014,00259E-46300081938000014
BootFirst,000000000015,00259E-46300081938000015
BootFirst,000000000016,00259E-46300081938000016
BootFirst,000000000021,00259E-46300081938000021
BootFirst,000000000022,00259E-46300081938000022
BootFirst,000000000023,00259E-46300081938000023
BootFirst,000000000024,00259E-46300081938000024
BootFirst,000000000025,00259E-46300081938000025
BootFirst,000000000026,00259E-46300081938000026
BootFirst,000000000031,00259E-46300081938000031
BootFirst,000000000032,00259E-46300081938000032
BootFirst,000000000033,00259E-46300081938000033
BootFirst,000000000034,00259E-46300081938000034
BootFirst,000000000035,00259E-46300081938000035
BootFirst,000000000036,00259E-46300081938000036
BootFirst,000000000041,00259E-46300081938000041
BootFirst,000000000042,00259E-46300081938000042
BootFirst,000000000043,00259E-46300081938000043
BootFirst,000000000044,00259E-46300081938000044
BootFirst,000000000045,00259E-46300081938000045
BootFirst,000000000046,00259E-46300081938000046
BootFirst,000000000051,00259E-46300081938000051
BootFirst,000000000052,00259E-46300081938000052
BootFirst,000000000053,00259E-46300081938000053
BootFirst,000000000054,00259E-46300081938000054
BootFirst,000000000055,00259E-46300081938000055
BootFirst,000000000056,00259E-46300081938000056
BootFirst,000000000061,00259E-46300081938000061
BootFirst,000000000062,00259E-46300081938000062
BootFirst,000000000063,00259E-46300081938000063
BootFirst,000000000064,00259E-46300081938000064
BootFirst,000000000065,00259E-46300081938000065
BootFirst,000000000066,00259E-46300081938000066
BootFirst,000000000067,00259E-46300081938000067
BootFirst,000000000068,00259E-46300081938000068
BootFirst,000000000069,00259E-46300081938000069
BootFirst,000000000071,00259E-46300081938000071
BootFirst,000000000072,00259E-46300081938000072
BootFirst,000000000073,00259E-46300081938000073
BootFirst,000000000074,00259E-46300081938000074
BootFirst,000000000075,00259E-46300081938000075
BootFirst,000000000076,00259E-46300081938000076
BootFirst,000000000077,00259E-46300081938000077
BootFirst,000000000078,00259E-46300081938000078
BootFirst,000000000079,00259E-46300081938000079
BootFirst,000000000081,00259E-46300081938000081
BootFirst,000000000082,00259E-46300081938000082
BootFirst,000000000083,00259E-46300081938000083
BootFirst,000000000084,00259E-46300081938000084
BootFirst,000000000085,00259E-46300081938000085
BootFirst,000000000086,00259E-46300081938000086
BootFirst,000000000087,00259E-46300081938000087
BootFirst,000000000088,00259E-46300081938000088
BootFirst,000000000089,00259E-46300081938000089
BootFirst,000000000091,00259E-46300091938000091
BootFirst,000000000092,00259E-46300091938000092
BootFirst,000000000093,00259E-46300091938000093
BootFirst,000000000094,00259E-46300091938000094
BootFirst,000000000095,00259E-46300091938000095
BootFirst,000000000096,00259E-46300091938000096
BootFirst,000000000097,00259E-46300091938000097
BootFirst,000000000098,00259E-46300091938000098
BootFirst,000000000099,00259E-46300091938000099
BootFirst,000000000191,00259E-46300191938000191
BootFirst,000000000192,00259E-46300191938000192
BootFirst,000000000193,00259E-46300191938000193
BootFirst,000000000194,00259E-46300191938000194
BootFirst,000000000195,00259E-46300191938000195
BootFirst,000000000196,00259E-46300191938000196
BootFirst,000000000197,00259E-46300191938000197
BootFirst,000000000198,00259E-46300191938000198
BootFirst,000000000199,00259E-46300191938000199
BootFirst,000000000291,00259E-46300291938000291
BootFirst,000000000292,00259E-46300291938000292
BootFirst,000000000293,00259E-46300291938000293
BootFirst,000000000294,00259E-46300291938000294
BootFirst,000000000295,00259E-46300291938000295
BootFirst,000000000296,00259E-46300291938000296
BootFirst,000000000297,00259E-46300291938000297
BootFirst,000000000298,00259E-46300291938000298
BootFirst,000000000299,00259E-46300291938000299
BootFirst,000000000391,00259E-46300391938000391
BootFirst,000000000392,00259E-46300391938000392
BootFirst,000000000393,00259E-46300391938000393
BootFirst,000000000394,00259E-46300391938000394
BootFirst,000000000395,00259E-46300391938000395
BootFirst,000000000396,00259E-46300391938000396
BootFirst,000000000397,00259E-46300391938000397
BootFirst,000000000398,00259E-46300391938000398
BootFirst,000000000399,00259E-46300391938000399
BootFirst,000000000491,00259E-46300491938000491
BootFirst,000000000492,00259E-46300491938000492
BootFirst,000000000493,00259E-46300491938000493
BootFirst,000000000494,00259E-46300491938000494
BootFirst,000000000495,00259E-46300491938000495
BootFirst,000000000496,00259E-46300491938000496
BootFirst,000000000497,00259E-46300491938000497
BootFirst,000000000498,00259E-46300491938000498
BootFirst,000000000499,00259E-46300491938000499
BootFirst,000000000591,00259E-46300591938000591
BootFirst,000000000592,00259E-46300591938000592
BootFirst,000000000593,00259E-46300591938000593
BootFirst,000000000594,00259E-46300591938000594
BootFirst,000000000595,00259E-46300591938000595
BootFirst,000000000596,00259E-46300591938000596
BootFirst,000000000597,00259E-46300591938000597
BootFirst,000000000598,00259E-46300591938000598
BootFirst,000000000599,00259E-46300591938000599
